name,address,website,contain_keyword,phone_number,reviews_count,reviews_average
SmartLeaders,"Jl. Tanjung Duren Raya No.6B Blok 11, RT.1/RW.6, Tj. Duren Utara, Kec. Grogol petamburan, Kota Jakarta Barat, Daerah Khusus Ibukota Jakarta 11470",,No,,2,5.0
PT. Weefer Indonesia,"Salak Masir No.7A 8, RT.5/RW.4, Tj. Duren Utara, Kec. Grogol petamburan, Kota Jakarta Barat, Daerah Khusus Ibukota Jakarta 11470",,,(021) 50986888,9,4.8
Yonyou Indonesia,"Jl. Tanjung Duren Raya.1 Soho Capital, # 43-06, Jakarta, Daerah Khusus Ibukota Jakarta 11470",yonyou.com.sg,Yes,(021) 50136868,1,5.0
PT. Teknologi Solusi Usaha,"Soho Capital - Podomoro City 25th Floor, Jl. Letjen S. Parman No.Kav 28, RT.3/RW.5, Daerah Khusus Ibukota Jakarta 11470",,No,0878-7163-4750,7,5.0
PT. Midix Graha Farma,"Jl. Tanjung Duren Raya No.87, Tj. Duren Sel., Kec. Grogol petamburan, Kota Jakarta Barat, Daerah Khusus Ibukota Jakarta 11470",,No,0811-828-134,,
PT Real Integrasi Nusantara,"Soho Capital, Letjen S. Parman St No.25 Lantai 20, South Tanjung Duren, Grogol petamburan, West Jakarta City, Jakarta 11470",,No,,8,5.0
Impact. | ERP Indonesia,"Soho Podomoro City, Jl. Letjen S. Parman No.Kav. 28, RT.13/RW.4, Tj. Duren Sel., Kec. Grogol petamburan, Jakarta, Daerah Khusus Ibukota Jakarta 11470",impactfirst.co,Yes,0857-2499-8845,15,5.0
CodeBoz,"Jl. Tanjung Duren Utara IX No.14, Tj. Duren Utara, Kec. Grogol petamburan, Kota Jakarta Barat, Daerah Khusus Ibukota Jakarta 11470",,No,0895-3131-0412,,
WITAMAS (WIRASINDO UTAMA SEJATI),"Gedung Soho Capital Central Park, Jl. Letjen S. Parman No.03 lantai 38 unit, Tj. Duren Utara, Kec. Grogol petamburan, Kota Jakarta Barat, Daerah Khusus Ibukota Jakarta 11470",,No,0815-8289-979,,
Unictive,"Ruko Garden Shopping Arcade No 9 BH Podomoro City (Central Park, Jl. Letjen S. Parman No.Kav 28, Jakarta, Daerah Khusus Ibukota Jakarta 11470",,No,0818-708-855,14,5.0
PT SOLUSI TEKNOLOGI SEJATI,"Jl. Raya Daan Mogot No.63 Lantai 3, RT.5/RW.1, Tj. Duren Utara, Kec. Grogol petamburan, Kota Jakarta Barat, Daerah Khusus Ibukota Jakarta 11470",,No,,17,4.6
PT.Eversaas Power Technology,"Neo Soho Residences, Unit 2718, Tj. Duren Sel., Kec. Grogol petamburan, Jakarta, Daerah Khusus Ibukota Jakarta 10220",,No,0888-0999-0834,14,4.7
ScaleOcean | Solusi Sistem ERP Terbaik,"Neo Soho Podomoro City Unit 3101 Jalan Letjen S. Parman Kav. 28, RT.3/RW.5, Tanjung Duren Selatan Grogol Petamburan Kecamatan Menteng Kota Jakarta Barat, Daerah Khusus Ibukota Jakarta 11470",,No,0877-8892-0001,9,5.0
PT Indo Sistem Global,"Neosoho Residence, Letjen S. Parman St No.Kav.28 26 Floor Unit 2610, RT.3/RW.5, South Tanjung Duren, Grogol petamburan, West Jakarta City, Jakarta 11470",,No,(021) 80604261,15,4.4
PT. Nusantara Duta Solusindo,"SOHO Podomoro City, Letjen S. Parman St, 17fl, Suite 1709, RT.3/RW.5, South Tanjung Duren, Grogol petamburan, West Jakarta City, Jakarta 11440",,No,(021) 30050237,5,4.2
Create Hub,"Petamburan Jl. Tanjung Duren Utara IX No.647, Tj. Duren Utara, Kec. Grogol petamburan, Kota Jakarta Barat, Daerah Khusus Ibukota Jakarta 11470",,,0812-8768-1714,,
MileApp | Field Service Management Platform,"Neo Soho Residence 2503, l Letjen S. Parman No.Kav. 28, RW.5, Tj. Duren Sel., Kec. Grogol petamburan, Kota Jakarta Barat, Daerah Khusus Ibukota Jakarta 11470",mile.app,Yes,0878-0878-3630,2,5.0
PT. Wima Utama Indonesia,"Jl. Tanjung Duren Raya No.350, RT.7/RW.3, Tj. Duren Utara, Kec. Grogol petamburan, Kota Jakarta Barat, Daerah Khusus Ibukota Jakarta 11620",,No,0813-2946-2149,,
PT. EXON Teknologi Indonesia,"APL Tower Central Park Lt.7 T9, Jl. Letjen S. Parman No.Kav. 28, RT.3/RW.5, Tj. Duren Sel., Jakarta, Kota Jakarta Barat, Daerah Khusus Ibukota Jakarta 11470",,,0877-8559-7525,,
SILSOFT JAKARTA - JASA PEMBUATAN APLIKASI DESKTOP / ANDROID / WEBSITE,"Jl. Alpukat 3 No.42, Tj. Duren Utara, Kec. Grogol petamburan, Kota Jakarta Barat, Daerah Khusus Ibukota Jakarta 11470",,No,0899-6405-550,,
Anacraft Technology Solution,"Podomoro City Rukan Garden Arcade Blok B/8 DH, Letjen S. Parman, RT.12/RW.6, Tj. Duren Sel., Kec. Grogol petamburan, Kota Jakarta Barat, Daerah Khusus Ibukota Jakarta 11470",anacraft.com,Yes,(021) 5659210,5,5.0
NawaData (PT Nawa Data Solutions),"APL Tower Central Park, Letjen S. Parman St No.Kav 28 20th Floor, South Tanjung Duren, Grogol petamburan, West Jakarta City, Jakarta 11440",nawadata.com,Yes,(021) 31141099,36,4.8
PT Prima Buana Internusa,"Mediterania Garden Residences 1, JL. Tanjung Duren Raya Kav 5-9, Azalea Tower 2nd Fl. Suite A/02/01B, Tanjung Duren – Grogol Petamburan, Jakarta, RT.3/RW.5, South Tanjung Duren, Grogol petamburan, West Jakarta City, Jakarta 11470",,,(021) 30047878,39,4.8
PT Vulcan Teknologi Indonesia,"Ruko Daan Mogot Baru, Jl. Raya Daan Mogot No.47 5, RT.5/RW.1, Tj. Duren Utara, Jakarta, Kota Jakarta Barat, Daerah Khusus Ibukota Jakarta 11470",,No,0821-2518-9924,,
KK Indonesia Head Office,"Jl. Raya Daan Mogot No.59A 5, RT.3/RW.1, Tj. Duren Utara, Kec. Grogol petamburan, Kota Jakarta Barat, Daerah Khusus Ibukota Jakarta 11470",kkindonesia.com,Yes,(021) 5653232,24,4.3
PT. TECHNOVA OPTIMA PRIMA,"RQGQ+79W, Unnamed Road, RT.3/RW.5, South Tanjung Duren, Grogol petamburan, West Jakarta City, Jakarta 11470",technova.co.id,Yes,(021) 39711689,,
PT. Gema Teknologi Cahaya Gemilang,"Podomoro City Ruko GSA B/08DH, S. Parman, RT.12/RW.6, Tj. Duren Sel., Kec. Grogol petamburan, Kota Jakarta Barat, Daerah Khusus Ibukota Jakarta 11470",,No,(021) 56957022,3,2.3
PT. Baccara Indah Prima,"Jl. Tanjung Duren Utara IIIA No.337 7, RT.7/RW.3, Tj. Duren Utara, Kec. Grogol petamburan, Kota Jakarta Barat, Daerah Khusus Ibukota Jakarta 11470",,,(021) 56950663,,
Axis Communications,"Jl. Tanjung Duren Raya, RT.3/RW.5, Tj. Duren Sel., Kec. Grogol petamburan, Kota Jakarta Barat, Daerah Khusus Ibukota Jakarta 11470",axis.com,Yes,(021) 50447878,,
"Barantum.com - CRM, Chats, & Call Center Software","Jl. Daan Mogot I No.8, Tj. Duren Utara, Kec. Grogol petamburan, Jakarta, Daerah Khusus Ibukota Jakarta 11470",barantum.com,Yes,(021) 39722000,517,4.9
CV Art Media Grup,"Tj. Duren Sel.nomor 61-63, RT.13/RW.7, Tj. Duren Utara, Grogol petamburan,, Kota, Jakarta Barat, RT.11/RW.2, Tanjung Duren Selatan, RT.11/RW.2, Tj. Duren Sel., Kec. Grogol petamburan, Jakarta, Daerah Khusus Ibukota Jakarta 11470",,,,13,3.5
Jeju Island Smoothies Bar Tanjung Duren,"Jl. Tanjung Duren Raya No.359A 7, RT.7/RW.3, Tj. Duren Sel., Kec. Grogol petamburan, Kota Jakarta Barat, Daerah Khusus Ibukota Jakarta 11470",,,0811-1915-7120,7,5.0
PT Dinamika Teknologi Informasi,"Podomoro City, JL let. S Parman kav 28 Soho Capital 19th Floor Tanjung Duren Selatan Grogol Petamburan 14470, RT.3/RW.5, Tj. Duren Sel., Kec. Grogol petamburan, Kota Jakarta Barat, Daerah Khusus Ibukota Jakarta 11470",dinamikateknologi.com,Yes,0815-8491-8007,,
Transporta.id,"Soho Capital, 19th Floor, Podomoro City, JL let, Jl. Jelambar Barat No.28, RT.3/RW.5, Tj. Duren Sel., Kec. Grogol petamburan, Kota Jakarta Barat, Daerah Khusus Ibukota Jakarta 11470",,,(021) 50515060,,
Pemadam,"6, Jl. Tanjung Duren Raya No.69E, RT.2/RW.5, Tj. Duren Sel., Kec. Grogol petamburan, Kota Jakarta Barat, Daerah Khusus Ibukota Jakarta 11470",,,,,
Apergu Solutions (PT. Envisi Mitra Tekindo),"SOHO Capital Podomoro City, Jl. Letjen S. Parman No.Kav. 28 25th Floor Unit 2508, RT.3/RW.5, Tj. Duren Sel., Kec. Grogol petamburan, Kota Jakarta Barat, Daerah Khusus Ibukota Jakarta 11470",,No,(021) 22213477,1,5.0
PT. LIENETIC JAYA,"Jl. Tj. Duren Timur IV Gg. Manggis XIX No.15B 10, RT.10/RW.4, Tj. Duren Sel., Kec. Grogol petamburan, Kota Jakarta Barat, Daerah Khusus Ibukota Jakarta 11470",lieneticjaya.com,Yes,(021) 5660420,6,4.2
PT. Datanet Integrasi Indonesia,"Jl. Tj. Duren Utara 4 No.65A, RT./RW:09/RW.3, Tj. Duren Utara, Kec. Grogol petamburan, Kota Jakarta Barat, Daerah Khusus Ibukota Jakarta 11470",dainindo.com,Yes,(021) 29414654,4,4.0
Global International Foods,"Soho Capital Lantai 17 No. 3, Jl. Letjen S. Parman No.Kav. 28, RT.3/RW.5, Tj. Duren Sel., Kec. Grogol petamburan, Kota Jakarta Barat, Daerah Khusus Ibukota Jakarta 10130",gif-seasoning.com,Yes,(021) 27893478,3,3.0
PT. Dian Lestari Sejahtera,"Jl. Tanjung Duren Barat IV No.1 9, RT.9/RW.5, Tj. Duren Utara, Kec. Grogol petamburan, Kota Jakarta Barat, Daerah Khusus Ibukota Jakarta 11470",,No,(021) 5357569,13,3.6
Mitra Agung Abadi,"Jl. Tanjung Duren Raya No.365, RT.11/RW.2, Tj. Duren Utara, Kec. Grogol petamburan, Kota Jakarta Barat, Daerah Khusus Ibukota Jakarta 11470",,No,0851-7300-5522,,
PT. Ananta Multitech Internusa,"Mediterania Garden Residence 1 Tower Azalea Lt. 2 Unit AD 02, Jl. Tanjung Duren Raya No.03 Kav. 5-9, RT.2/RW.5, Tj. Duren Utara, Kec. Grogol petamburan, Kota Jakarta Barat, Daerah Khusus Ibukota Jakarta 11470",,No,0878-7708-779,,
PT. Swarna Adijaya,"Jl. Tanjung Duren Utara IIIA No.347, RT.7/RW.3, Tj. Duren Utara, Kec. Grogol petamburan, Kota Jakarta Barat, Daerah Khusus Ibukota Jakarta 11470",,No,(021) 53664554,,
PT CYCLESOFT TECHNOLOGY,"12, RT.12/RW.6, Tj. Duren Sel., Kec. Grogol petamburan, Kota Jakarta Barat, Daerah Khusus Ibukota Jakarta 11470",cyclesoft.co.id,Yes,0851-0085-5885,11,4.6
CV Baker Djaya Abadi,"Jl. Tj. Duren Timur III No.rt 008, RT.8/RW.5, Tj. Duren Sel., Kec. Grogol petamburan, Kota Jakarta Barat, Daerah Khusus Ibukota Jakarta 11470",,,(021) 29414964,2,3.5
South East Islands,"Soho Capital Floor 32 Unit 7, RT.3/RW.5, Tj. Duren Sel., Kec. Grogol petamburan, Kota Jakarta Barat, Daerah Khusus Ibukota Jakarta 11470",,No,(021) 29181359,4,5.0
Qonnectiq,"Soho Capital, Jl. Letjen S. Parman No.Kav. 28 Lt. 19, RT.3/RW.5, Tj. Duren Sel., Kec. Grogol petamburan, Kota Jakarta Barat, Daerah Khusus Ibukota Jakarta 11470",,No,(021) 50105222,1,5.0
Deli and Co,"Jl. Tj. Duren Barat 1 No.12 6, RT.6/RW.3, Tj. Duren Utara, Kec. Grogol petamburan, Kota Jakarta Barat, Daerah Khusus Ibukota Jakarta 11470",,,0821-1181-2019,5,4.4
Sinar Jaya,"No. 54D Grogol Petamburan, Jl. Tj. Duren Barat No.1, RT.10/RW.4, Tj. Duren Utara, Kec. Grogol petamburan, Kota Jakarta Barat, Daerah Khusus Ibukota Jakarta 11470",,,(021) 5685927,,
PT Tekno Logika Utama,"Jl. Tanjung Duren Raya No.351 Kav.B, Jl. Tanjung Duren Raya, RT.7/RW.3, North Tanjung Duren, Grogol petamburan, West Jakarta City, Jakarta 11470",teknologika.biz,Yes,(021) 56981148,11,4.8
PT.Cipta Pratama Solusindo,"Jl. Tj. Duren Utara 4 No.230, RT.8/RW.3, Tj. Duren Utara, Kec. Grogol petamburan, Kota Jakarta Barat, Daerah Khusus Ibukota Jakarta 11470",ciptaindo.co.id,Yes,(021) 22956939,3,4.3
BIT - PT Barito Integra Teknologi,"Soho Podomoro City, Letjen S. Parman St No.Kav 28, RT.3/RW.5, South Tanjung Duren, Grogol petamburan, West Jakarta City, Jakarta 11470",,,0815-1705-1234,,
Suplayer es kristal,"Jl. Tanjung Duren Timur No.79, Tj. Duren Sel., Kec. Grogol petamburan, Kota Jakarta Barat, Daerah Khusus Ibukota Jakarta 11450",,No,0877-5253-4122,,
ORGAREN INDONESIA JAYA,"Ruko Sentra Bisnis, Blok C/16, RT.12/RW.2, Tj. Duren Utara, Kec. Grogol petamburan, Kota Jakarta Barat, Daerah Khusus Ibukota Jakarta 11470",,,0817-800-808,,
"Nova Teknologi Awani, PT","Jalan Let Jend S Parman Kav 28, APL Office Tower 16th Floor Unit 9, Tanjung Duren Selatan, RT.12/RW.6, Tj. Duren Sel., Kec. Grogol petamburan, Kota Jakarta Barat, Daerah Khusus Ibukota Jakarta 11470",hellobill.id,Yes,0852-1010-2455,23,4.1
smartERP,"APL Tower, Central Park, Jl. Letjen S. Parman No.Kav 28, RT.12/RW.6, Tj. Duren Sel., Kec. Grogol petamburan, Jakarta, Daerah Khusus Ibukota Jakarta 11470",,,0818-176-784,1,3.0
Miidel Indonesia,,kopoka.com,Yes,0812-2007-420,,
PT Linuxindo Total Solusi,"APL Tower, 21st floor Suite #2, Central Park, Podomoro City, JL. Letjend S. Parman Kav. 28, Jakarta, RT.12/RW.6, Tj. Duren Sel., Kec. Grogol petamburan, Kota Jakarta Barat, Daerah Khusus Ibukota Jakarta 11470",,No,0818-954-689,11,4.6
Flashdisk Promosi Indonesia,"Jl. Tj. Duren Utara VII No.417 3, RT.3/RW.3, Tj. Duren Utara, Kec. Grogol petamburan, Kota Jakarta Barat, Daerah Khusus Ibukota Jakarta 11470",,,0819-3228-8828,,
Intan Agtaprima. PT,"Jl. Tanjung Duren Raya No.135B, RT.1/RW.3, Tj. Duren Sel., Kec. Grogol petamburan, Kota Jakarta Barat, Daerah Khusus Ibukota Jakarta 11470",,,(021) 5683729,6,4.2
RAVINTOLA,"Perkantoran Grenvil Maisonette Blok FB/16, Tanjung Duren, Duri Kepa, Kebon Jeruk, RT.13/RW.9, Duri Kepa, DKI Jakarta, Kota Jakarta Barat, Daerah Khusus Ibukota Jakarta 11510",,No,0812-8000-9230,19,4.6
PT Kamoro Maxima Integra,"Podomoro City Garden Shopping Arcade Blok B/8 DH, Jl. Letjen S. Parman No.9, RT.9/RW.5, Tj. Duren Sel., Kec. Grogol petamburan, Kota Jakarta Barat, Daerah Khusus Ibukota Jakarta 11440",kamoro.com,Yes,(021) 56968510,,
Onesia Nusantara Evolusioner,"Soho capital, Jl. Letjen S. Parman No.Kav.28, Tj. Duren Sel., Tanjung duren selatan, Kota Jakarta Barat, Daerah Khusus Ibukota Jakarta 11470",,,0812-1982-2019,20,5.0
Qampus,"APL Office Tower, 35th floor Suite 7, Jl. Letjen S. Parman No.Kav 28, RT.3/RW.8, Tj. Duren Utara, Kec. Grogol petamburan, Kota Jakarta Barat, Daerah Khusus Ibukota Jakarta 11470",,,(021) 29670633,3,3.7
Ryuko Network Technology,"Jl. Tanjung Duren Raya No.3F, Tj. Duren Utara, Kec. Grogol petamburan, Kota Jakarta Barat, Daerah Khusus Ibukota Jakarta 11470",,No,0812-7608-9730,,
CODE.ID (PT. Code Development Indonesia),"APL Tower Central Park Lt. 30, Kav. 28, RT.3/RW.5, South Tanjung Duren, Grogol petamburan, West Jakarta City, Jakarta 11470",code.id,Yes,(021) 29339528,59,4.7
PT Antares Global Teknologi,"Letjen S. Parman St No.28, RT.15/RW.7, South Tanjung Duren, Grogol petamburan, West Jakarta City, Jakarta 11470",,No,,3,5.0
PT Ganesha Sakti Abadi,"10, Jl. Tanjung Duren Raya No.87, RT.10/RW.2, Tj. Duren Utara, Kec. Grogol petamburan, Kota Jakarta Barat, Daerah Khusus Ibukota Jakarta 11470",,No,0895-1997-9264,,
PT. MEDIA CENTRAL BISNIS,"Gedung SOHO CAPITAL, Lantai 32, No 7, RT.3/RW.5, Tj. Duren Sel., Kec. Grogol petamburan, Kota Jakarta Barat, Daerah Khusus Ibukota Jakarta 11470",,No,0813-8110-2532,,
Mapia Tanjung Duren,"Jl. Tanjung Duren Raya No.89B, Tj. Duren Sel., Kec. Grogol petamburan, Kota Jakarta Barat, Daerah Khusus Ibukota Jakarta 11470",,No,(021) 23096950,,
Verihubs,"CN, Ruko Garden Shopping Arcade 2 No. B/09, Jl. Letjen S. Parman No.Kav.28, RT.12/RW.6, Tj. Duren Sel., Kec. Grogol petamburan, Daerah Khusus Ibukota Jakarta 11470",,No,,6,5.0
PT. JOERNY TECHLABS INDONESIA,"Mediterania Garden 1 Tower BC Ground Floor #05-B Jl. Tanjung Duren Raya No.Kav 5-9, RT.3/RW.5, Tj. Duren Sel., Kec. Grogol petamburan, Kota Jakarta Barat, Daerah Khusus Ibukota Jakarta 11470",,,(021) 35761838,,
Maestro Graph,"Jl. Tanjung Duren Raya No.5C 1, RT.1/RW.5, Tj. Duren Sel., Kec. Grogol petamburan, Kota Jakarta Barat, Daerah Khusus Ibukota Jakarta 11470",,No,,3,4.0
Studio Mangga MNC Tanjung Duren,"Blok C, Jl. Mangga Raya Blok I No.6, RT.8/RW.8, Duri Kepa, Kebonjeruk, West Jakarta City, Jakarta 11510",,,,22,4.5
MobileCom,"SOHO Podomoro City Type Ebony floor 37 unit 20, Daerah Khusus Ibukota Jakarta 11470",,No,(021) 29670633,26,4.5
SASCREATIVE Media,"Jl. Tanjung Duren, Grogol Petamburan Apt. Mediterania Garden Residence II Tower F Unit Q, RT.9/RW.5, Tj. Duren Sel., Kec. Grogol petamburan, Kota Jakarta Barat, Daerah Khusus Ibukota Jakarta 11470",adytiawong.com,Yes,0812-8887-6548,,
Pemmz.Com,"Jl. Tanjung Duren Raya no. 17A, Blok A11 Kav.16, RT.01/RW.06, Tanjung Duren, RT.1/RW.6, Tj. Duren Utara, Kec. Grogol petamburan, Kota Jakarta Barat, Daerah Khusus Ibukota Jakarta 11470",pemmz.com,Yes,(021) 56973669,1929,4.8
Depo Air Minum Biru Tanjung Duren,"Jl. Tj. Duren Bar. 2 No.12, RT.6/RW.4, Tj. Duren Utara, Kec. Grogol petamburan, Kota Jakarta Barat, Daerah Khusus Ibukota Jakarta 11470",,,,3,5.0
Excenture Global Indonesia. PT,"Jl. Delima Raya No.25 2, RT.2/RW.5, Tj. Duren Sel., Kec. Grogol petamburan, Kota Jakarta Barat, Daerah Khusus Ibukota Jakarta 11470",,,(021) 28881149,3,5.0
Bengkel las kamajaya,"Gg. Alpukat XII No.77, RT.3/RW.47, Tj. Duren Utara, Kec. Grogol petamburan, Kota Jakarta Barat, Daerah Khusus Ibukota Jakarta 11470",,,0821-4474-6447,,
PT. Soltius Indonesia,"Soho Capital @Podomoro City 15th Floor Suite SC - 1503-05 Jl. Letjen. S.Parman, Kav. 28 - Tanjung Duren Selatan, Grogol petamburan, RT.3/RW.5, Tj. Duren Sel., Kec. Grogol petamburan, Kota Jakarta Barat, Daerah Khusus Ibukota Jakarta 11470",,,(021) 29345925,52,4.8
Ganesha Cipta Informatika,,,No,(021) 5609434,,
King laundry tanjung duren,"Jl. Tanjung Duren Raya No.7F, RT.4/RW.2, Tj. Duren Sel., Kec. Grogol petamburan, Kota Jakarta Barat, Daerah Khusus Ibukota Jakarta 11470",,No,0811-1616-732,3,3.7
TANJUNG DUREN UTARA.PT,"RQ8M+42R, RT.15/RW.7, North Tanjung Duren, Grogol petamburan, West Jakarta City, Jakarta 11470",,,,1,5.0
PT. Kinerja Prima Nusantara,"Mediterania Tower Dahlia Lt. 25 KH, Jl. Tanjung Duren Timur No.9 15 5, RT.15/RW.5, Daerah Khusus Ibukota Jakarta",,,,,
Limadata Indonesia,,,No,0813-8490-0701,,
Chi Cong Fan 89,"Jl. Salak Timur 4 No.8, RT.3/RW.5, Tj. Duren Utara, Kec. Grogol petamburan, Kota Jakarta Barat, Daerah Khusus Ibukota Jakarta 11470",linktr.ee,Yes,0821-2495-1789,1,1.0
Cincau Capital,"Jl. Tj. Duren Utara 4 No.452, RT.4/RW.3, Tj. Duren Utara, Kec. Grogol petamburan, Kota Jakarta Barat, Daerah Khusus Ibukota Jakarta 11470",,No,0819-0553-5550,,
Pentas Berlian Bersama,"Jl. Taman Bendungan Asahan 10-11 Tanjung Duren Selatan Grogol Petamburan Jakarta Barat DKI Jakarta, RT.7/RW.1, Tj. Duren Utara, Kec. Grogol petamburan, Kota Jakarta Barat, Daerah Khusus Ibukota Jakarta 11430",,,(021) 5731682,,
International,"Jl. Tanjung Duren Raya No.2 7, RT.14/RW.4, Tj. Duren Sel., Kec. Grogol petamburan, Kota Jakarta Barat, Daerah Khusus Ibukota Jakarta 11470",,,(021) 5668290,,
Esteh.ruma Tanjung Duren,"Jl. Tanjung Duren Raya No.359A 7, RT.7/RW.3, Tj. Duren Sel., Kec. Grogol petamburan, Kota Jakarta Barat, Daerah Khusus Ibukota Jakarta 11470",,,0811-1915-7119,,
PT. EVOTECH DISTRIBUSI,"Tanjung Duren Selatan RT.12 / RW.6, Grogol petamburan, RT.12/RW.6, Tj. Duren Sel., Kec. Grogol petamburan, Kota Jakarta Barat, Daerah Khusus Ibukota Jakarta 11470",,No,(021) 56982386,3,4.7
Activo Asset Management Solutions,"APL Tower 26th floor, Central Park Jalan Letjen S. Parman, RT.16/RW.5, Tanjung Duren Selatan, Grogol petamburan, RT.12/RW.6, Tj. Duren Sel., Kec. Grogol petamburan, Jakarta, Daerah Khusus Ibukota Jakarta 11470",,No,(021) 29339528,6,5.0
Saasten Technologies,"Podomoro City, Gedung NEO SOHO CAPITAL Lt. 36 No.05A, Jl. Letjen S. Parman No.Kav 28A, Daerah Khusus Ibukota Jakarta 11470",saasten.com,Yes,(021) 50301018,6,4.3
PT Wiltar Usaha Grup,"Jl. Tanjung Duren Utara I No.20 12, RT.12/RW.2, Tj. Duren Utara, Kec. Grogol petamburan, Kota Jakarta Barat, Daerah Khusus Ibukota Jakarta 11470",,,,4,5.0
RetroSignwork - Digital printing,"Sentral Bisnis, Tj. DUREN, Jl. Tanjung Duren Utara I No.38 Blok B8, RT.12/RW.2, Tj. Duren Utara, Kec. Grogol petamburan, Kota Jakarta Barat, Daerah Khusus Ibukota Jakarta 11470",,,(021) 56970078,,
Eliana Frozen Food,"Jl. Delima V No.24, RT.11/RW.5, Tj. Duren Sel., Kec. Grogol petamburan, Kota Jakarta Barat, Daerah Khusus Ibukota Jakarta 11470",,No,0817-7653-2969,7,4.9
Clover,"kios persis seberang superindo, Mediterania Garden Residence 1, Kota Jakarta Barat, Daerah Khusus Ibukota Jakarta 11470",,,0811-8217-000,6,5.0
Sweet Cornell,"Jl. Taman Apel III No.277 8, RT.8/RW.3, Tj. Duren Utara, Kec. Grogol petamburan, Kota Jakarta Barat, Daerah Khusus Ibukota Jakarta 11470",,,0811-2708-070,2,5.0
SNAPY digital printing & fotocopy jakarta barat - tanjung duren,"Ruko Cemara Central, Jl. Tanjung Duren Raya No.71, Tj. Duren Utara, Kec. Grogol petamburan, Kota Jakarta Barat, Daerah Khusus Ibukota Jakarta 11470",,No,0819-1311-2345,1025,4.5
PT. Triniti Dinamik Tbk,"Jl. Letjen. S.Parman Kav.28 Grogol Petamburan – Jakarta Indonesia 11470 APL Tower, 10th floor, Unit T9, RT.9/RW.5, Tj. Duren Sel., Kec. Grogol petamburan, Kota Jakarta Barat, Daerah Khusus Ibukota Jakarta 11470",,No,(021) 29201133,22,4.2
Coconut Tree,"Jl. Tanjung Duren Raya No.11, RT.4/RW.2, Tj. Duren Sel., Kec. Grogol petamburan, Kota Jakarta Barat, Daerah Khusus Ibukota Jakarta 11470",,,0811-9666-118,11,4.7
DIJUAL RUKO 5 LANTAI!,"Jl. Tanjung Duren Raya No.364, RT.11/RW.2, Tj. Duren Utara, Kec. Grogol petamburan, Kota Jakarta Barat, Daerah Khusus Ibukota Jakarta 11470",,,0812-1000-7058,1,5.0
PT Volante Teknologi Indonesia,"Soho Capital 30-06, Jl. Letjen S. Parman No.Kav 28, RT.12/RW.6, Tj. Duren Sel., Kec. Grogol petamburan, Kota Jakarta Barat, Daerah Khusus Ibukota Jakarta 14470",,,0815-1705-1234,,
Harnods,"APL Office Tower, 16th floor Suite 9 Podomoro City (Central Park) Jl. Let. Jend. S. Parman Kav 28 Jakarta 11470, RT.9/RW.5, Tj. Duren Sel., Kec. Grogol petamburan, Kota Jakarta Barat, Daerah Khusus Ibukota Jakarta 11470",,No,0878-8085-1479,4,5.0
Souvenir Promosi Indonesia,"Jl. Tj. Duren Utara VII No.417 3, RT.3/RW.3, Tj. Duren Utara, Kec. Grogol petamburan, Kota Jakarta Barat, Daerah Khusus Ibukota Jakarta 11470",,,0822-9928-8828,,
PT. Taruma Bhakti Usaha,"Parking lot, Gedung A, Lantai 2 Kampus II - Universitas Tarumanagara, Jalan Tanjung Duren Utara No. 1, RT.11/RW.1, Tj. Duren Utara, Kec. Grogol petamburan, Kota Jakarta Barat, Daerah Khusus Ibukota Jakarta 11470",,No,(021) 5650340,1,4.0
Laundry Khoe Laundry Tanjung Duren,"Jl. Tj. Duren Utara 4 No.54 10, RT.10/RW.3, Tj. Duren Utara, Kec. Grogol petamburan, Kota Jakarta Barat, Daerah Khusus Ibukota Jakarta 11470",,,0878-8899-3188,36,5.0
Hr Toko,"Jl. Tanjung Duren Barat III No.10, RT.12/RW.2, Tj. Duren Sel., Kec. Grogol petamburan, Kota Jakarta Barat, Daerah Khusus Ibukota Jakarta 11470",,,(021) 5685955,,
PT. Mitra Bersama Solusitama,"Marigold, Royal Mediterania Garden Residences, Jl. Letjen S. Parman No.Kav.28 GF-01, Tj. Duren Sel., Kec. Grogol petamburan, Kota Jakarta Barat, Daerah Khusus Ibukota Jakarta 11470",,,0812-1882-669,,
Leap Research,"SOHO Capital 19th Floor, Unit 01-09, Jl. Letjen S. Parman No.Kav. 28, RT.9/RW.5, Tj. Duren Sel., Kec. Grogol petamburan, Jakarta, Daerah Khusus Ibukota Jakarta 11470",leap-research.co.id,Yes,0811-2555-327,,
Multico Buana Energy. PT,"JL. Tanjung Duren Barat, No. 10, Duri Kepa, Komplek Green Ville Maisonette Blok FA, RT.14/RW.5, Tj. Duren Utara, Kec. Grogol petamburan, Kota Jakarta Barat, Daerah Khusus Ibukota Jakarta 11510",multicoasia.com,Yes,(021) 56942223,3,4.7
GARUDA FOTO COPY 2,"Jl. Tanjung Duren Raya No.1, RT.10/RW.2, Tj. Duren Utara, Jakarta, Kota Jakarta Barat, Daerah Khusus Ibukota Jakarta 11470",,,0819-1806-4437,3,3.3
Onero Solutions,"APL Tower, Central Park, Podomoro City, Letjen S. Parman St No.Kav 28 Lantai 16 Unit T9, Grogol petamburan, West Jakarta City, Jakarta 11470",onero.id,Yes,0811-9006-551,9,4.6
PT. Yofe Cipta Suksesindo,"Soho Capital 19th Floor Jakarta, RT.3/RW.5, Tj. Duren Sel., Kec. Grogol petamburan, Kota Jakarta Barat, Daerah Khusus Ibukota Jakarta 11470",ycsuksesindo.com,Yes,0815-1722-7202,1,5.0
Scalaris Makmur,"Jl. Tj. Duren Barat 1 No.1B 12, RT.12/RW.4, Tj. Duren Utara, Kec. Grogol petamburan, Kota Jakarta Barat, Daerah Khusus Ibukota Jakarta 11470",,No,(021) 56943278,17,4.7
Rewash Laundry Tanjung Duren,"Jl. Tg. Duren Raya Lama No.5, RT.4/RW.1, Tj. Duren Sel., Kec. Grogol petamburan, Kota Jakarta Barat, Daerah Khusus Ibukota Jakarta 11470",,,,18,3.6
PT Multi Inovasi Utama,"Jl. Tanjung Duren Raya No.79 6, RT.6/RW.5, Tj. Duren Sel., Kec. Grogol petamburan, Kota Jakarta Barat, Daerah Khusus Ibukota Jakarta 11470",,,(021) 25569053,1,5.0
PT Waskita Utama International,"Mediterania Garden Residence 2 Blok BB BM Jalan Tanjung Duren 9 15 5, RT.15/RW.5, Tj. Duren Sel., Kec. Grogol petamburan, Kota Jakarta Barat, Daerah Khusus Ibukota Jakarta 11470",,,(021) 29206275,,
House Of Furikake,"Jl. Tanjung Duren Utara V No.6 6, RT.6/RW.3, Tj. Duren Utara, Kec. Grogol petamburan, Kota Jakarta Barat, Daerah Khusus Ibukota Jakarta 11470",,,,,
